source,target,code,match_url,regex
/blog/tips-invertir/premium-residencias-marca-miami/,/blog/premium-residencias-marca-miami/,301,exact,0
/blog/tips-invertir/marcas-miami-renta-vs-prestigio/,/blog/marcas-miami-renta-vs-prestigio/,301,exact,0
/blog/tips-invertir/premium-marca-reventa-cuando-no/,/blog/premium-marca-reventa-cuando-no/,301,exact,0
/blog/tips-invertir/invertir-en-miami-proteger-patrimonio-2026/,/blog/invertir-en-miami-proteger-patrimonio-2026/,301,exact,0
/blog/tips-invertir/invertir-miami-desde-mexico-blindaje-patrimonial/,/blog/invertir-miami-desde-mexico-blindaje-patrimonial/,301,exact,0
/blog/tips-invertir/financiamiento-inmobiliario-miami-inversionistas/,/blog/financiamiento-inmobiliario-miami-inversionistas/,301,exact,0
/blog/tips-invertir/titulo-propiedad-miami-extranjeros/,/blog/titulo-propiedad-miami-extranjeros/,301,exact,0
/blog/tips-invertir/invertir-miami-siendo-extranjero/,/blog/invertir-miami-siendo-extranjero/,301,exact,0
/blog/tips-invertir/mejores-ciudades-invertir-bienes-raices-cuando/,/blog/mejores-ciudades-invertir-bienes-raices-cuando/,301,exact,0
/blog/tips-invertir/economia-mexicana-analisis-real-inversionistas/,/blog/economia-mexicana-analisis-real-inversionistas/,301,exact,0
/blog/tips-invertir/invertir-en-miami-desde-mexico-guia-completa/,/blog/invertir-en-miami-desde-mexico-guia-completa/,301,exact,0
/blog/tips-invertir/que-pasa-si-no-pago-hipoteca-miami/,/blog/que-pasa-si-no-pago-hipoteca-miami/,301,exact,0
/blog/tips-invertir/titulo-propiedad-estados-unidos-inversionistas-mexicanos/,/blog/titulo-propiedad-estados-unidos-inversionistas-mexicanos/,301,exact,0
/blog/tips-invertir/seguridad-juridica-propiedad-estados-unidos-extranjeros/,/blog/seguridad-juridica-propiedad-estados-unidos-extranjeros/,301,exact,0
/blog/tips-invertir/inversion-inmobiliaria-miami-tips/,/blog/inversion-inmobiliaria-miami-tips/,301,exact,0
/blog/tips-invertir/real-estate-de-lujo-en-miami/,/blog/real-estate-de-lujo-en-miami/,301,exact,0
/blog/tips-invertir/south-beach/,/blog/south-beach/,301,exact,0
/blog/tips-invertir/inversionistas-latinoamericanos/,/blog/inversionistas-latinoamericanos/,301,exact,0
/blog/tips-invertir/asesor-inmobiliario/,/blog/asesor-inmobiliario/,301,exact,0
/blog/tips-invertir/como-disminuir-el-riesgo-financiero/,/blog/como-disminuir-el-riesgo-financiero/,301,exact,0
/blog/tips-invertir/roi-inmobilidario/,/blog/roi-inmobilidario/,301,exact,0
/blog/tips-invertir/mercado-inmobiliario-de-estados-unidos/,/blog/mercado-inmobiliario-de-estados-unidos/,301,exact,0
/blog/tips-invertir/hoteles-en-miami/,/blog/hoteles-en-miami/,301,exact,0
/blog/tips-invertir/consecuencias-de-la-pandemia/,/blog/consecuencias-de-la-pandemia/,301,exact,0
/blog/tips-invertir/invertir-en-propiedades-en-miami/,/blog/invertir-en-propiedades-en-miami/,301,exact,0
/blog/tips-invertir/inversiones-en-linea/,/blog/inversiones-en-linea/,301,exact,0
/blog/tips-invertir/bienes-raices-en-estados-unidos/,/blog/bienes-raices-en-estados-unidos/,301,exact,0
/blog/tips-invertir/como-comprar-propiedades-en-el-extranjero/,/blog/como-comprar-propiedades-en-el-extranjero/,301,exact,0
/blog/tips-invertir/negocios-inmobiliarios-en-estados-unidos/,/blog/negocios-inmobiliarios-en-estados-unidos/,301,exact,0
/blog/tips-invertir/compras-en-miami/,/blog/compras-en-miami/,301,exact,0
/blog/tips-invertir/mejores-paises-para-invertir/,/blog/mejores-paises-para-invertir/,301,exact,0
/blog/tips-invertir/miami-es-seguro/,/blog/miami-es-seguro/,301,exact,0
/blog/tips-invertir/invertir-en-estados-unidos-para-obtener-la-residencia/,/blog/invertir-en-estados-unidos-para-obtener-la-residencia/,301,exact,0
/blog/tips-invertir/proyectos-inmobiliarios-en-miami/,/blog/proyectos-inmobiliarios-en-miami/,301,exact,0
/blog/tips-invertir/financiamiento-en-estados-unidos/,/blog/financiamiento-en-estados-unidos/,301,exact,0
/blog/tips-invertir/como-empezar-a-invertir-en-bienes-raices/,/blog/como-empezar-a-invertir-en-bienes-raices/,301,exact,0
/blog/tips-invertir/invertir-en-otro-pais/,/blog/invertir-en-otro-pais/,301,exact,0
/blog/tips-invertir/administracion-de-propiedades/,/blog/administracion-de-propiedades/,301,exact,0
/blog/tips-invertir/firpta/,/blog/firpta/,301,exact,0
/blog/tips-invertir/rentas-en-miami/,/blog/rentas-en-miami/,301,exact,0
/blog/tips-invertir/restaurantes-en-miami/,/blog/restaurantes-en-miami/,301,exact,0
/blog/tips-invertir/fraudes-inmobiliarios/,/blog/fraudes-inmobiliarios/,301,exact,0
/blog/tips-invertir/inversionista-extranjero/,/blog/inversionista-extranjero/,301,exact,0
/blog/tips-invertir/vida-nocturna-de-miami/,/blog/vida-nocturna-de-miami/,301,exact,0
/blog/tips-invertir/departamentos-en-preventa/,/blog/departamentos-en-preventa/,301,exact,0
/blog/tips-invertir/tipos-de-inversiones/,/blog/tipos-de-inversiones/,301,exact,0
/blog/tips-invertir/como-abrir-una-empresa-en-estados-unidos/,/blog/como-abrir-una-empresa-en-estados-unidos/,301,exact,0
/blog/tips-invertir/zonas-de-miami/,/blog/zonas-de-miami/,301,exact,0
/blog/tips-invertir/visas-de-inversionista/,/blog/visas-de-inversionista/,301,exact,0
/blog/tips-invertir/invertir-en-criptomonedas/,/blog/invertir-en-criptomonedas/,301,exact,0
/blog/tips-invertir/como-generar-mas-dinero/,/blog/como-generar-mas-dinero/,301,exact,0
/blog/tips-invertir/miami-es-caro-para-vivir/,/blog/miami-es-caro-para-vivir/,301,exact,0
